<!--
@author		Sascha D. Kasper - https://sascha-kasper.com
@version	05.01.20231010
@date		October 10, 2023
@n++        Tested on version 8.5.7 (64 bit)
@comments	Fixed some formatting issues for better readability.
-->
<NotepadPlus>
    <UserLang name="DAX" ext="dax" udlVersion="2.1">
        <Settings>
            <Global caseIgnored="yes" allowFoldOfComments="yes" foldCompact="no" forcePureLC="0" decimalSeparator="0" />
            <Prefix Keywords1="no" Keywords2="no" Keywords3="no" Keywords4="no" Keywords5="no" Keywords6="no" Keywords7="no" Keywords8="no" />
        </Settings>
        <KeywordLists>
            <Keywords name="Comments">00// 00-- 01 02 03/* 04*/</Keywords>
            <Keywords name="Numbers, prefix1"></Keywords>
            <Keywords name="Numbers, prefix2"></Keywords>
            <Keywords name="Numbers, extras1"></Keywords>
            <Keywords name="Numbers, extras2"></Keywords>
            <Keywords name="Numbers, suffix1"></Keywords>
            <Keywords name="Numbers, suffix2"></Keywords>
            <Keywords name="Numbers, range"></Keywords>
            <Keywords name="Operators1">+ - * / ^ = &gt; &lt; &gt;= &lt;= &lt;&gt; &amp; &amp;&amp; || ! ,</Keywords>
            <Keywords name="Operators2"></Keywords>
            <Keywords name="Folders in code1, open">( [ {</Keywords>
            <Keywords name="Folders in code1, middle"></Keywords>
            <Keywords name="Folders in code1, close">) ] }</Keywords>
            <Keywords name="Folders in code2, open"></Keywords>
            <Keywords name="Folders in code2, middle"></Keywords>
            <Keywords name="Folders in code2, close"></Keywords>
            <Keywords name="Folders in comment, open">/*</Keywords>
            <Keywords name="Folders in comment, middle"></Keywords>
            <Keywords name="Folders in comment, close">*/</Keywords>
            <Keywords name="Keywords1">CALENDAR&#x000D;&#x000A;CALENDARAUTO&#x000D;&#x000A;DATE&#x000D;&#x000A;DATEDIFF&#x000D;&#x000A;DATEVALUE&#x000D;&#x000A;DAY&#x000D;&#x000A;EDATE&#x000D;&#x000A;EOMONTH&#x000D;&#x000A;HOUR&#x000D;&#x000A;MINUTE&#x000D;&#x000A;MONTH&#x000D;&#x000A;NETWORKDAYS&#x000D;&#x000A;NOW&#x000D;&#x000A;QUARTER&#x000D;&#x000A;SECOND&#x000D;&#x000A;TIME&#x000D;&#x000A;TIMEVALUE&#x000D;&#x000A;TODAY&#x000D;&#x000A;UTCNOW&#x000D;&#x000A;UTCTODAY&#x000D;&#x000A;WEEKDAY&#x000D;&#x000A;WEEKNUM&#x000D;&#x000A;YEAR&#x000D;&#x000A;YEARFRAC</Keywords>
            <Keywords name="Keywords2">CONTAINS&#x000D;&#x000A;CONTAINSROW&#x000D;&#x000A;CUSTOMDATA&#x000D;&#x000A;ISAFTER&#x000D;&#x000A;ISBLANK&#x000D;&#x000A;ISERROR&#x000D;&#x000A;ISEVEN&#x000D;&#x000A;ISINSCOPE&#x000D;&#x000A;ISLOGICAL&#x000D;&#x000A;ISNONTEXT&#x000D;&#x000A;ISNUMBER&#x000D;&#x000A;ISODD&#x000D;&#x000A;ISONORAFTER&#x000D;&#x000A;ISSELECTEDMEASURE&#x000D;&#x000A;ISSUBTOTAL&#x000D;&#x000A;ISTEXT&#x000D;&#x000A;LOOKUPVALUE&#x000D;&#x000A;NONVISUAL&#x000D;&#x000A;SELECTEDMEASURE&#x000D;&#x000A;SELECTEDMEASURENAME&#x000D;&#x000A;USERNAME&#x000D;&#x000A;USEROBJECTID&#x000D;&#x000A;USERPRINCIPALNAME&#x000D;&#x000A;TOJSON&#x000D;&#x000A;TOCSV&#x000D;&#x000A;EVALUATEANDLOG&#x000D;&#x000A;USERCULTURE&#x000D;&#x000A;WINDOW&#x000D;&#x000A;PARTITIONBY&#x000D;&#x000A;ORDERBY&#x000D;&#x000A;OFFSET&#x000D;&#x000A;INDEX&#x000D;&#x000A;ROWNUMBER&#x000D;&#x000A;MATCHBY</Keywords>
            <Keywords name="Keywords3">ALL&#x000D;&#x000A;ALLCROSSFILTERED&#x000D;&#x000A;ALLEXCEPT&#x000D;&#x000A;ALLNOBLANKROW&#x000D;&#x000A;ALLSELECTED&#x000D;&#x000A;CALCULATE&#x000D;&#x000A;CALCULATETABLE&#x000D;&#x000A;CROSSFILTER&#x000D;&#x000A;EARLIER&#x000D;&#x000A;EARLIEST&#x000D;&#x000A;FILTER&#x000D;&#x000A;FILTERS&#x000D;&#x000A;HASONEFILTER&#x000D;&#x000A;HASONEVALUE&#x000D;&#x000A;ISCROSSFILTERED&#x000D;&#x000A;ISFILTERED&#x000D;&#x000A;KEEPFILTERS&#x000D;&#x000A;RELATED&#x000D;&#x000A;RELATEDTABLE&#x000D;&#x000A;REMOVEFILTERS&#x000D;&#x000A;SELECTEDVALUE&#x000D;&#x000A;SUBSTITUTEWITHINDEX&#x000D;&#x000A;USERELATIONSHIP&#x000D;&#x000A;VALUES&#x000D;&#x000A;CLOSINGBALANCEMONTH&#x000D;&#x000A;CLOSINGBALANCEQUARTER&#x000D;&#x000A;CLOSINGBALANCEYEAR&#x000D;&#x000A;DATEADD&#x000D;&#x000A;DATESBETWEEN&#x000D;&#x000A;DATESINPERIOD&#x000D;&#x000A;DATESMTD&#x000D;&#x000A;DATESQTD&#x000D;&#x000A;DATESYTD&#x000D;&#x000A;ENDOFMONTH&#x000D;&#x000A;ENDOFQUARTER&#x000D;&#x000A;ENDOFYEAR&#x000D;&#x000A;FIRSTDATE&#x000D;&#x000A;FIRSTNONBLANK&#x000D;&#x000A;FIRSTNONBLANKVALUE&#x000D;&#x000A;LASTDATE&#x000D;&#x000A;LASTNONBLANK&#x000D;&#x000A;LASTNONBLANKVALUE&#x000D;&#x000A;NEXTDAY&#x000D;&#x000A;NEXTMONTH&#x000D;&#x000A;NEXTQUARTER&#x000D;&#x000A;NEXTYEAR&#x000D;&#x000A;OPENINGBALANCEMONTH&#x000D;&#x000A;OPENINGBALANCEQUARTER&#x000D;&#x000A;OPENINGBALANCEYEAR&#x000D;&#x000A;PARALLELPERIOD&#x000D;&#x000A;PREVIOUSDAY&#x000D;&#x000A;PREVIOUSMONTH&#x000D;&#x000A;PREVIOUSQUARTER&#x000D;&#x000A;PREVIOUSYEAR&#x000D;&#x000A;SAMEPERIODLASTYEAR&#x000D;&#x000A;STARTOFMONTH&#x000D;&#x000A;STARTOFQUARTER&#x000D;&#x000A;STARTOFYEAR&#x000D;&#x000A;TOTALMTD&#x000D;&#x000A;TOTALQTD&#x000D;&#x000A;TOTALYTD&#x000D;&#x000A;RETURN</Keywords>
            <Keywords name="Keywords4">ABS&#x000D;&#x000A;ACOS&#x000D;&#x000A;ACOSH&#x000D;&#x000A;ACOT&#x000D;&#x000A;ACOTH&#x000D;&#x000A;ASIN&#x000D;&#x000A;ASINH&#x000D;&#x000A;ATAN&#x000D;&#x000A;ATANH&#x000D;&#x000A;CEILING&#x000D;&#x000A;COMBIN&#x000D;&#x000A;COMBINA&#x000D;&#x000A;COS&#x000D;&#x000A;COSH&#x000D;&#x000A;COT&#x000D;&#x000A;COTH&#x000D;&#x000A;CURRENCY&#x000D;&#x000A;DEGREES&#x000D;&#x000A;DIVIDE&#x000D;&#x000A;EVEN&#x000D;&#x000A;EXP&#x000D;&#x000A;FACT&#x000D;&#x000A;FLOOR&#x000D;&#x000A;GCD&#x000D;&#x000A;INT&#x000D;&#x000A;ISO.CEILING&#x000D;&#x000A;LCM&#x000D;&#x000A;LN&#x000D;&#x000A;LOG&#x000D;&#x000A;LOG10&#x000D;&#x000A;MOD&#x000D;&#x000A;MROUND&#x000D;&#x000A;ODD&#x000D;&#x000A;PI&#x000D;&#x000A;POWER&#x000D;&#x000A;PRODUCT&#x000D;&#x000A;PRODUCTX&#x000D;&#x000A;QUOTIENT&#x000D;&#x000A;RADIANS&#x000D;&#x000A;RAND&#x000D;&#x000A;RANDBETWEEN&#x000D;&#x000A;ROUND&#x000D;&#x000A;ROUNDDOWN&#x000D;&#x000A;ROUNDUP&#x000D;&#x000A;SIGN&#x000D;&#x000A;SQRT&#x000D;&#x000A;SUM&#x000D;&#x000A;SUMX&#x000D;&#x000A;TRUNC&#x000D;&#x000A;BLANK&#x000D;&#x000A;COMBINEVALUES&#x000D;&#x000A;CONCATENATE&#x000D;&#x000A;CONCATENATEX&#x000D;&#x000A;CONTAINSSTRING&#x000D;&#x000A;CONTAINSSTRINGEXACT&#x000D;&#x000A;EXACT&#x000D;&#x000A;FIND&#x000D;&#x000A;FIXED&#x000D;&#x000A;FORMAT&#x000D;&#x000A;LEFT&#x000D;&#x000A;LEN&#x000D;&#x000A;LOWER&#x000D;&#x000A;MID&#x000D;&#x000A;REPLACE&#x000D;&#x000A;REPT&#x000D;&#x000A;RIGHT&#x000D;&#x000A;SEARCH&#x000D;&#x000A;SUBSTITUTE&#x000D;&#x000A;TRIM&#x000D;&#x000A;UNICHAR&#x000D;&#x000A;UNICODE&#x000D;&#x000A;UPPER&#x000D;&#x000A;VALUE&#x000D;&#x000A;LINEST&#x000D;&#x000A;LINESTX</Keywords>
            <Keywords name="Keywords5">ACCRINT&#x000D;&#x000A;ACCRINTM&#x000D;&#x000A;AMORDEGRC&#x000D;&#x000A;AMORLINC&#x000D;&#x000A;COUPDAYBS&#x000D;&#x000A;COUPDAYS&#x000D;&#x000A;COUPDAYSNC&#x000D;&#x000A;COUPNCD&#x000D;&#x000A;COUPNUM&#x000D;&#x000A;COUPPCD&#x000D;&#x000A;CUMIPMT&#x000D;&#x000A;CUMPRINC&#x000D;&#x000A;DB&#x000D;&#x000A;DDB&#x000D;&#x000A;DISC&#x000D;&#x000A;DOLLARDE&#x000D;&#x000A;DOLLARFR&#x000D;&#x000A;DURATION&#x000D;&#x000A;EFFECT&#x000D;&#x000A;FV&#x000D;&#x000A;INTRATE&#x000D;&#x000A;IPMT&#x000D;&#x000A;ISPMT&#x000D;&#x000A;MDURATION&#x000D;&#x000A;NOMINAL&#x000D;&#x000A;NPER&#x000D;&#x000A;ODDFPRICE&#x000D;&#x000A;ODDFYIELD&#x000D;&#x000A;ODDLPRICE&#x000D;&#x000A;ODDLYIELD&#x000D;&#x000A;PDURATION&#x000D;&#x000A;PMT&#x000D;&#x000A;PPMT&#x000D;&#x000A;PRICE&#x000D;&#x000A;PRICEDISC&#x000D;&#x000A;PRICEMAT&#x000D;&#x000A;PV&#x000D;&#x000A;RATE&#x000D;&#x000A;RECEIVED&#x000D;&#x000A;RRI&#x000D;&#x000A;SLN&#x000D;&#x000A;SYD&#x000D;&#x000A;TBILLEQ&#x000D;&#x000A;TBILLPRICE&#x000D;&#x000A;TBILLYIELD&#x000D;&#x000A;VDB&#x000D;&#x000A;YIELD&#x000D;&#x000A;YIELDDISC&#x000D;&#x000A;YIELDMAT</Keywords>
            <Keywords name="Keywords6">CONVERT&#x000D;&#x000A;DATATABLE&#x000D;&#x000A;ERROR&#x000D;&#x000A;EXCEPT&#x000D;&#x000A;GENERATESERIES&#x000D;&#x000A;GROUPBY&#x000D;&#x000A;INTERSECT&#x000D;&#x000A;ISEMPTY&#x000D;&#x000A;NATURALINNERJOIN&#x000D;&#x000A;NATURALLEFTOUTERJOIN&#x000D;&#x000A;SELECTEDMEASUREFORMATSTRING&#x000D;&#x000A;SUMMARIZECOLUMNS&#x000D;&#x000A;Table Constructor&#x000D;&#x000A;TREATAS&#x000D;&#x000A;UNION&#x000D;&#x000A;VAR&#x000D;&#x000A;PATH&#x000D;&#x000A;PATHCONTAINS&#x000D;&#x000A;PATHITEM&#x000D;&#x000A;PATHITEMREVERSE&#x000D;&#x000A;PATHLENGTH&#x000D;&#x000A;ADDCOLUMNS&#x000D;&#x000A;ADDMISSINGITEMS&#x000D;&#x000A;CURRENTGROUP&#x000D;&#x000A;DETAILROWS&#x000D;&#x000A;DISTINCT&#x000D;&#x000A;ROLLUP&#x000D;&#x000A;ROLLUPADDISSUBTOTAL&#x000D;&#x000A;ROLLUPGROUP&#x000D;&#x000A;ROLLUPISSUBTOTAL&#x000D;&#x000A;EXTERNALMEASURE</Keywords>
            <Keywords name="Keywords7">AND&#x000D;&#x000A;BITAND&#x000D;&#x000A;BITLSHIFT&#x000D;&#x000A;BITOR&#x000D;&#x000A;BITRSHIFT&#x000D;&#x000A;BITXOR&#x000D;&#x000A;COALESCE&#x000D;&#x000A;FALSE&#x000D;&#x000A;IF&#x000D;&#x000A;IF.EAGER&#x000D;&#x000A;IFERROR&#x000D;&#x000A;IN&#x000D;&#x000A;NOT&#x000D;&#x000A;OR&#x000D;&#x000A;SWITCH&#x000D;&#x000A;TRUE</Keywords>
            <Keywords name="Keywords8">APPROXIMATEDISTINCTCOUNT&#x000D;&#x000A;AVERAGE&#x000D;&#x000A;AVERAGEA&#x000D;&#x000A;AVERAGEX&#x000D;&#x000A;BETA.DIST&#x000D;&#x000A;BETA.INV&#x000D;&#x000A;CHISQ.DIST&#x000D;&#x000A;CHISQ.DIST.RT&#x000D;&#x000A;CHISQ.INV&#x000D;&#x000A;CHISQ.INV.RT&#x000D;&#x000A;CONFIDENCE.NORM&#x000D;&#x000A;CONFIDENCE.T&#x000D;&#x000A;COUNT&#x000D;&#x000A;COUNTA&#x000D;&#x000A;COUNTAX&#x000D;&#x000A;COUNTBLANK&#x000D;&#x000A;COUNTROWS&#x000D;&#x000A;COUNTX&#x000D;&#x000A;CROSSJOIN&#x000D;&#x000A;DISTINCTCOUNT&#x000D;&#x000A;DISTINCTCOUNTNOBLANK&#x000D;&#x000A;EXPON.DIST&#x000D;&#x000A;GENERATE&#x000D;&#x000A;GENERATEALL&#x000D;&#x000A;GEOMEAN&#x000D;&#x000A;GEOMEANX&#x000D;&#x000A;MAX&#x000D;&#x000A;MAXA&#x000D;&#x000A;MAXX&#x000D;&#x000A;MEDIAN&#x000D;&#x000A;MEDIANX&#x000D;&#x000A;MIN&#x000D;&#x000A;MINA&#x000D;&#x000A;MINX&#x000D;&#x000A;NORM.DIST&#x000D;&#x000A;NORM.INV&#x000D;&#x000A;NORM.S.DIST&#x000D;&#x000A;NORM.S.INV&#x000D;&#x000A;PERCENTILE.EXC&#x000D;&#x000A;PERCENTILE.INC&#x000D;&#x000A;PERCENTILEX.EXC&#x000D;&#x000A;PERCENTILEX.INC&#x000D;&#x000A;PERMUT&#x000D;&#x000A;POISSON.DIST&#x000D;&#x000A;RANK.EQ&#x000D;&#x000A;RANKX&#x000D;&#x000A;ROW&#x000D;&#x000A;SAMPLE&#x000D;&#x000A;SELECTCOLUMNS&#x000D;&#x000A;SIN&#x000D;&#x000A;SINH&#x000D;&#x000A;SQRTPI&#x000D;&#x000A;STDEV.P&#x000D;&#x000A;STDEV.S&#x000D;&#x000A;STDEVX.P&#x000D;&#x000A;STDEVX.S&#x000D;&#x000A;SUMMARIZE&#x000D;&#x000A;T.DIST&#x000D;&#x000A;T.DIST.2T&#x000D;&#x000A;T.DIST.RT&#x000D;&#x000A;T.INV&#x000D;&#x000A;T.INV.2T&#x000D;&#x000A;TAN&#x000D;&#x000A;TANH&#x000D;&#x000A;TOPN&#x000D;&#x000A;VAR&#x000D;&#x000A;VAR.P&#x000D;&#x000A;VAR.S&#x000D;&#x000A;VARX.P&#x000D;&#x000A;VARX.S&#x000D;&#x000A;XIRR&#x000D;&#x000A;XNPV&#x000D;&#x000A;RANK</Keywords>
            <Keywords name="Delimiters">00 01 02 03 04 05 06 07 08 09 10 11 12 13 14 15 16 17 18 19 20 21 22 23</Keywords>
        </KeywordLists>
        <Styles>
            <WordsStyle name="DEFAULT" fgColor="DBDBDB" bgColor="000000" colorStyle="1" fontStyle="0" nesting="0" />
            <WordsStyle name="COMMENTS" fgColor="4C7AAC" bgColor="FFFFFF" colorStyle="1" fontStyle="0" nesting="0" />
            <WordsStyle name="LINE COMMENTS" fgColor="4C7AAC" bgColor="FFFFFF" colorStyle="1" fontStyle="0" nesting="0" />
            <WordsStyle name="NUMBERS" fgColor="FFD700" bgColor="FFFFFF" colorStyle="1" fontStyle="0" nesting="0" />
            <WordsStyle name="KEYWORDS1" fgColor="007BFF" bgColor="FFFFFF" colorStyle="1" fontStyle="1" nesting="0" />
            <WordsStyle name="KEYWORDS2" fgColor="0080FF" bgColor="FFFFFF" colorStyle="1" fontStyle="1" nesting="0" />
            <WordsStyle name="KEYWORDS3" fgColor="0080FF" bgColor="FFFFFF" colorStyle="1" fontStyle="1" nesting="0" />
            <WordsStyle name="KEYWORDS4" fgColor="0080FF" bgColor="FFFFFF" colorStyle="1" fontStyle="1" nesting="0" />
            <WordsStyle name="KEYWORDS5" fgColor="0080FF" bgColor="FFFFFF" colorStyle="1" fontStyle="1" nesting="0" />
            <WordsStyle name="KEYWORDS6" fgColor="0080FF" bgColor="FFFFFF" colorStyle="1" fontStyle="1" nesting="0" />
            <WordsStyle name="KEYWORDS7" fgColor="0080FF" bgColor="FFFFFF" colorStyle="1" fontStyle="1" nesting="0" />
            <WordsStyle name="KEYWORDS8" fgColor="0080FF" bgColor="FFFFFF" colorStyle="1" fontStyle="1" nesting="0" />
            <WordsStyle name="OPERATORS" fgColor="FC3634" bgColor="FFFFFF" colorStyle="1" fontStyle="1" nesting="0" />
            <WordsStyle name="FOLDER IN CODE1" fgColor="FC3634" bgColor="FFFFFF" colorStyle="1" fontStyle="1" nesting="0" />
            <WordsStyle name="FOLDER IN CODE2" fgColor="FF80FF" bgColor="FFFFFF" colorStyle="1" fontStyle="3" nesting="0" />
            <WordsStyle name="FOLDER IN COMMENT" fgColor="4C7AAC" bgColor="FFFFFF" colorStyle="1" fontStyle="2" nesting="0" />
            <WordsStyle name="DELIMITERS1" fgColor="007BFF" bgColor="FFFFFF" colorStyle="1" fontStyle="0" nesting="0" />
            <WordsStyle name="DELIMITERS2" fgColor="007BFF" bgColor="FFFFFF" colorStyle="1" fontStyle="0" nesting="0" />
            <WordsStyle name="DELIMITERS3" fgColor="000000" bgColor="FFFFFF" fontStyle="0" nesting="0" />
            <WordsStyle name="DELIMITERS4" fgColor="000000" bgColor="FFFFFF" fontStyle="0" nesting="0" />
            <WordsStyle name="DELIMITERS5" fgColor="000000" bgColor="FFFFFF" fontStyle="0" nesting="0" />
            <WordsStyle name="DELIMITERS6" fgColor="000000" bgColor="FFFFFF" fontStyle="0" nesting="0" />
            <WordsStyle name="DELIMITERS7" fgColor="000000" bgColor="FFFFFF" fontStyle="0" nesting="0" />
            <WordsStyle name="DELIMITERS8" fgColor="000000" bgColor="FFFFFF" fontStyle="0" nesting="0" />
        </Styles>
    </UserLang>
</NotepadPlus>
