<!--
@author		Sascha D. Kasper - https://sascha-kasper.com
@version	5.0
@date		June 13, 2023
@n++        Tested on version 8.5.3 (64 bit)
@comments	Added new DAX functions released in May 2023
			see full list here: https://dax.guide
            Fixed some keyword typos
-->
<?xml version="1.0" encoding="UTF-8" ?>
<NotepadPlus>
	<AutoComplete>
	<KeyWord name="INDEX" />
	<KeyWord name="OFFSET" />
	<KeyWord name="ORDERBY" />
	<KeyWord name="PARTITIONBY" />
	<KeyWord name="WINDOW" />
	<KeyWord name="USERCULTURE" />
	<KeyWord name="EVALUATEANDLOG" />
	<KeyWord name="CALENDAR" />
	<KeyWord name="CALENDARAUTO" />
	<KeyWord name="DATE" />
	<KeyWord name="DATEDIFF" />
	<KeyWord name="DATEVALUE" />
	<KeyWord name="DAY" />
	<KeyWord name="EDATE" />
	<KeyWord name="EOMONTH" />
	<KeyWord name="HOUR" />
	<KeyWord name="MINUTE" />
	<KeyWord name="MONTH" />
	<KeyWord name="NETWORKDAYS" />
	<KeyWord name="NOW" />
	<KeyWord name="QUARTER" />
	<KeyWord name="SECOND" />
	<KeyWord name="TIME" />
	<KeyWord name="TIMEVALUE" />
	<KeyWord name="TODAY" />
	<KeyWord name="UTCNOW" />
	<KeyWord name="UTCTODAY" />
	<KeyWord name="WEEKDAY" />
	<KeyWord name="WEEKNUM" />
	<KeyWord name="YEAR" />
	<KeyWord name="YEARFRAC" />
	<KeyWord name="ADDMISSINGITEMS" />
	<KeyWord name="ALL" />
	<KeyWord name="ALLCROSSFILTERED" />
	<KeyWord name="ALLEXCEPT" />
	<KeyWord name="ALLNOBLANKROW" />
	<KeyWord name="ALLSELECTED" />
	<KeyWord name="CALCULATE" />
	<KeyWord name="CALCULATETABLE" />
	<KeyWord name="CROSSFILTER" />
	<KeyWord name="EARLIER" />
	<KeyWord name="EARLIEST" />
	<KeyWord name="FILTER" />
	<KeyWord name="FILTERS" />
	<KeyWord name="HASONEFILTER" />
	<KeyWord name="HASONEVALUE" />
	<KeyWord name="ISCROSSFILTERED" />
	<KeyWord name="ISFILTERED" />
	<KeyWord name="KEEPFILTERS" />
	<KeyWord name="RELATED" />
	<KeyWord name="RELATEDTABLE" />
	<KeyWord name="REMOVEFILTERS" />
	<KeyWord name="SELECTEDVALUE" />
	<KeyWord name="SUBSTITUTEWITHINDEX" />
	<KeyWord name="USERELATIONSHIP" />
	<KeyWord name="VALUES" />
	<KeyWord name="ACCRINT" />
	<KeyWord name="ACCRINTM" />
	<KeyWord name="AMORDEGRC" />
	<KeyWord name="AMORLINC" />
	<KeyWord name="COUPDAYBS" />
	<KeyWord name="COUPDAYS" />
	<KeyWord name="COUPDAYSNC" />
	<KeyWord name="COUPNCD" />
	<KeyWord name="COUPNUM" />
	<KeyWord name="COUPPCD" />
	<KeyWord name="CUMIPMT" />
	<KeyWord name="CUMPRINC" />
	<KeyWord name="DB" />
	<KeyWord name="DDB" />
	<KeyWord name="DISC" />
	<KeyWord name="DOLLARDE" />
	<KeyWord name="DOLLARFR" />
	<KeyWord name="DURATION" />
	<KeyWord name="EFFECT" />
	<KeyWord name="FV" />
	<KeyWord name="INTRATE" />
	<KeyWord name="IPMT" />
	<KeyWord name="ISPMT" />
	<KeyWord name="MDURATION" />
	<KeyWord name="NOMINAL" />
	<KeyWord name="NPER" />
	<KeyWord name="ODDFPRICE" />
	<KeyWord name="ODDFYIELD" />
	<KeyWord name="ODDLPRICE" />
	<KeyWord name="ODDLYIELD" />
	<KeyWord name="PDURATION" />
	<KeyWord name="PMT" />
	<KeyWord name="PPMT" />
	<KeyWord name="PRICE" />
	<KeyWord name="PRICEDISC" />
	<KeyWord name="PRICEMAT" />
	<KeyWord name="PV" />
	<KeyWord name="RATE" />
	<KeyWord name="RECEIVED" />
	<KeyWord name="RRI" />
	<KeyWord name="SLN" />
	<KeyWord name="SYD" />
	<KeyWord name="TBILLEQ" />
	<KeyWord name="TBILLPRICE" />
	<KeyWord name="TBILLYIELD" />
	<KeyWord name="VDB" />
	<KeyWord name="YIELD" />
	<KeyWord name="YIELDDISC" />
	<KeyWord name="YIELDMAT" />
	<KeyWord name="CONTAINS" />
	<KeyWord name="CONTAINSROW" />
	<KeyWord name="CUSTOMDATA" />
	<KeyWord name="ISAFTER" />
	<KeyWord name="ISBLANK" />
	<KeyWord name="ISERROR" />
	<KeyWord name="ISEVEN" />
	<KeyWord name="ISINSCOPE" />
	<KeyWord name="ISLOGICAL" />
	<KeyWord name="ISNONTEXT" />
	<KeyWord name="ISNUMBER" />
	<KeyWord name="ISODD" />
	<KeyWord name="ISONORAFTER" />
	<KeyWord name="ISSELECTEDMEASURE" />
	<KeyWord name="ISSUBTOTAL" />
	<KeyWord name="ISTEXT" />
	<KeyWord name="LOOKUPVALUE" />
	<KeyWord name="NONVISUAL" />
	<KeyWord name="SELECTEDMEASURE" />
	<KeyWord name="SELECTEDMEASURENAME" />
	<KeyWord name="USERNAME" />
	<KeyWord name="USEROBJECTID" />
	<KeyWord name="USERPRINCIPALNAME" />
	<KeyWord name="AND" />
	<KeyWord name="BITAND" />
	<KeyWord name="BITLSHIFT" />
	<KeyWord name="BITOR" />
	<KeyWord name="BITRSHIFT" />
	<KeyWord name="BITXOR" />
	<KeyWord name="COALESCE" />
	<KeyWord name="FALSE" />
	<KeyWord name="IF" />
	<KeyWord name="IF.EAGER" />
	<KeyWord name="IFERROR" />
	<KeyWord name="IN" />
	<KeyWord name="NOT" />
	<KeyWord name="OR" />
	<KeyWord name="SWITCH" />
	<KeyWord name="TRUE" />
	<KeyWord name="ABS" />
	<KeyWord name="ACOS" />
	<KeyWord name="ACOSH" />
	<KeyWord name="ACOT" />
	<KeyWord name="ACOTH" />
	<KeyWord name="ASIN" />
	<KeyWord name="ASINH" />
	<KeyWord name="ATAN" />
	<KeyWord name="ATANH" />
	<KeyWord name="CEILING" />
	<KeyWord name="COMBIN" />
	<KeyWord name="COMBINA" />
	<KeyWord name="COS" />
	<KeyWord name="COSH" />
	<KeyWord name="COT" />
	<KeyWord name="COTH" />
	<KeyWord name="CURRENCY" />
	<KeyWord name="DEGREES" />
	<KeyWord name="DIVIDE" />
	<KeyWord name="EVEN" />
	<KeyWord name="EXP" />
	<KeyWord name="FACT" />
	<KeyWord name="FLOOR" />
	<KeyWord name="GCD" />
	<KeyWord name="INT" />
	<KeyWord name="ISO.CEILING" />
	<KeyWord name="LCM" />
	<KeyWord name="LN" />
	<KeyWord name="LOG" />
	<KeyWord name="LOG10" />
	<KeyWord name="MOD" />
	<KeyWord name="MROUND" />
	<KeyWord name="ODD" />
	<KeyWord name="PI" />
	<KeyWord name="POWER" />
	<KeyWord name="PRODUCT" />
	<KeyWord name="PRODUCTX" />
	<KeyWord name="QUOTIENT" />
	<KeyWord name="RADIANS" />
	<KeyWord name="RAND" />
	<KeyWord name="RANDBETWEEN" />
	<KeyWord name="ROUND" />
	<KeyWord name="ROUNDDOWN" />
	<KeyWord name="ROUNDUP" />
	<KeyWord name="SIGN" />
	<KeyWord name="SQRT" />
	<KeyWord name="SUM" />
	<KeyWord name="SUMX" />
	<KeyWord name="TRUNC" />
	<KeyWord name="CONVERT" />
	<KeyWord name="DATATABLE" />
	<KeyWord name="ERROR" />
	<KeyWord name="EXCEPT" />
	<KeyWord name="GENERATESERIES" />
	<KeyWord name="GROUPBY" />
	<KeyWord name="INTERSECT" />
	<KeyWord name="ISEMPTY" />
	<KeyWord name="NATURALINNERJOIN" />
	<KeyWord name="NATURALLEFTOUTERJOIN" />
	<KeyWord name="SELECTEDMEASUREFORMATSTRING" />
	<KeyWord name="SUMMARIZECOLUMNS" />
	<KeyWord name="Table Constructor" />
	<KeyWord name="TREATAS" />
	<KeyWord name="UNION" />
	<KeyWord name="VAR" />
	<KeyWord name="PATH" />
	<KeyWord name="PATHCONTAINS" />
	<KeyWord name="PATHITEM" />
	<KeyWord name="PATHITEMREVERSE" />
	<KeyWord name="PATHLENGTH" />
	<KeyWord name="ADDCOLUMNS" />
	<KeyWord name="APPROXIMATEDISTINCTCOUNT" />
	<KeyWord name="AVERAGE" />
	<KeyWord name="AVERAGEA" />
	<KeyWord name="AVERAGEX" />
	<KeyWord name="BETA.DIST" />
	<KeyWord name="BETA.INV" />
	<KeyWord name="CHISQ.DIST" />
	<KeyWord name="CHISQ.DIST.RT" />
	<KeyWord name="CHISQ.INV" />
	<KeyWord name="CHISQ.INV.RT" />
	<KeyWord name="CONFIDENCE.NORM" />
	<KeyWord name="CONFIDENCE.T" />
	<KeyWord name="COUNT" />
	<KeyWord name="COUNTA" />
	<KeyWord name="COUNTAX" />
	<KeyWord name="COUNTBLANK" />
	<KeyWord name="COUNTROWS" />
	<KeyWord name="COUNTX" />
	<KeyWord name="CROSSJOIN" />
	<KeyWord name="DISTINCTCOUNT" />
	<KeyWord name="DISTINCTCOUNTNOBLANK" />
	<KeyWord name="EXPON.DIST" />
	<KeyWord name="GENERATE" />
	<KeyWord name="GENERATEALL" />
	<KeyWord name="GEOMEAN" />
	<KeyWord name="GEOMEANX" />
	<KeyWord name="MAX" />
	<KeyWord name="MAXA" />
	<KeyWord name="MAXX" />
	<KeyWord name="MEDIAN" />
	<KeyWord name="MEDIANX" />
	<KeyWord name="MIN" />
	<KeyWord name="MINA" />
	<KeyWord name="MINX" />
	<KeyWord name="NORM.DIST" />
	<KeyWord name="NORM.INV" />
	<KeyWord name="NORM.S.DIST" />
	<KeyWord name="NORM.S.INV" />
	<KeyWord name="PERCENTILE.EXC" />
	<KeyWord name="PERCENTILE.INC" />
	<KeyWord name="PERCENTILEX.EXC" />
	<KeyWord name="PERCENTILEX.INC" />
	<KeyWord name="PERMUT" />
	<KeyWord name="POISSON.DIST" />
	<KeyWord name="RANK.EQ" />
	<KeyWord name="RANKX" />
	<KeyWord name="ROW" />
	<KeyWord name="SAMPLE" />
	<KeyWord name="SELECTCOLUMNS" />
	<KeyWord name="SIN" />
	<KeyWord name="SINH" />
	<KeyWord name="SQRTPI" />
	<KeyWord name="STDEV.P" />
	<KeyWord name="STDEV.S" />
	<KeyWord name="STDEVX.P" />
	<KeyWord name="STDEVX.S" />
	<KeyWord name="SUMMARIZE" />
	<KeyWord name="T.DIST" />
	<KeyWord name="T.DIST.2T" />
	<KeyWord name="T.DIST.RT" />
	<KeyWord name="T.INV" />
	<KeyWord name="T.INV.2T" />
	<KeyWord name="TAN" />
	<KeyWord name="TANH" />
	<KeyWord name="TOPN" />
	<KeyWord name="VAR.P" />
	<KeyWord name="VAR.S" />
	<KeyWord name="VARX.P" />
	<KeyWord name="VARX.S" />
	<KeyWord name="XIRR" />
	<KeyWord name="XNPV" />
	<KeyWord name="CURRENTGROUP" />
	<KeyWord name="DETAILROWS" />
	<KeyWord name="DISTINCT" />
	<KeyWord name="ROLLUP" />
	<KeyWord name="ROLLUPADDISSUBTOTAL" />
	<KeyWord name="ROLLUPGROUP" />
	<KeyWord name="ROLLUPISSUBTOTAL" />
	<KeyWord name="BLANK" />
	<KeyWord name="COMBINEVALUES" />
	<KeyWord name="CONCATENATE" />
	<KeyWord name="CONCATENATEX" />
	<KeyWord name="CONTAINSSTRING" />
	<KeyWord name="CONTAINSSTRINGEXACT" />
	<KeyWord name="EXACT" />
	<KeyWord name="FIND" />
	<KeyWord name="FIXED" />
	<KeyWord name="FORMAT" />
	<KeyWord name="LEFT" />
	<KeyWord name="LEN" />
	<KeyWord name="LOWER" />
	<KeyWord name="MID" />
	<KeyWord name="REPLACE" />
	<KeyWord name="REPT" />
	<KeyWord name="RIGHT" />
	<KeyWord name="SEARCH" />
	<KeyWord name="SUBSTITUTE" />
	<KeyWord name="TRIM" />
	<KeyWord name="UNICHAR" />
	<KeyWord name="UNICODE" />
	<KeyWord name="UPPER" />
	<KeyWord name="VALUE" />
	<KeyWord name="CLOSINGBALANCEMONTH" />
	<KeyWord name="CLOSINGBALANCEQUARTER" />
	<KeyWord name="CLOSINGBALANCEYEAR" />
	<KeyWord name="DATEADD" />
	<KeyWord name="DATESBETWEEN" />
	<KeyWord name="DATESINPERIOD" />
	<KeyWord name="DATESMTD" />
	<KeyWord name="DATESQTD" />
	<KeyWord name="DATESYTD" />
	<KeyWord name="ENDOFMONTH" />
	<KeyWord name="ENDOFQUARTER" />
	<KeyWord name="ENDOFYEAR" />
	<KeyWord name="FIRSTDATE" />
	<KeyWord name="FIRSTNONBLANK" />
	<KeyWord name="FIRSTNONBLANKVALUE" />
	<KeyWord name="LASTDATE" />
	<KeyWord name="LASTNONBLANK" />
	<KeyWord name="LASTNONBLANKVALUE" />
	<KeyWord name="NEXTDAY" />
	<KeyWord name="NEXTMONTH" />
	<KeyWord name="NEXTQUARTER" />
	<KeyWord name="NEXTYEAR" />
	<KeyWord name="OPENINGBALANCEMONTH" />
	<KeyWord name="OPENINGBALANCEQUARTER" />
	<KeyWord name="OPENINGBALANCEYEAR" />
	<KeyWord name="PARALLELPERIOD" />
	<KeyWord name="PREVIOUSDAY" />
	<KeyWord name="PREVIOUSMONTH" />
	<KeyWord name="PREVIOUSQUARTER" />
	<KeyWord name="PREVIOUSYEAR" />
	<KeyWord name="SAMEPERIODLASTYEAR" />
	<KeyWord name="STARTOFMONTH" />
	<KeyWord name="STARTOFQUARTER" />
	<KeyWord name="STARTOFYEAR" />
	<KeyWord name="TOTALMTD" />
	<KeyWord name="TOTALQTD" />
	<KeyWord name="TOTALYTD" />
	<KeyWord name="TOJSON" />
	<KeyWord name="TOCSV" />
	<KeyWord name="LINEST" />
	<KeyWord name="LINESTX" />
	<KeyWord name="ROWNUMBER" />
	<KeyWord name="RANK" />
	<KeyWord name="EXTERNALMEASURE" />
	<KeyWord name="MATCHBY" />
	</AutoComplete>
</NotepadPlus>